Type,Name,Request Count,Failure Count,Median Response Time,Average Response Time,Min Response Time,Max Response Time,Average Content Size,Requests/s,Failures/s,50%,66%,75%,80%,90%,95%,98%,99%,99.9%,99.99%,100%
GET,/health,377,0,160.0,160.92536084487324,149.50945880264044,921.618000138551,15.0,0.6290533036974482,0.0,160,160,160,160,170,170,190,240,920,920,920
POST,/predict,1781,0,180.0,278.7216293940855,164.18745927512646,22150.32362518832,52.0,2.971734572639669,0.0,180,180,180,180,190,200,220,270,21000,22000,22000
,Aggregated,2158,0,170.0,258.1427632017532,149.50945880264044,22150.32362518832,45.536144578313255,3.600787876337117,0.0,170,180,180,180,190,190,210,260,20000,22000,22000
